filename    token   category    next_token_is_end_of_para	next_token_is_end_of_text	begins_with_a_capital_letter	pos_-1	pos_-2	pos_-3	My_POS	pos_1	pos_2	pos_3	tokens_to_nearest_left_"	tokens_to_nearest_right_"	speech_word_in_(-5;5)_vicinity	speech_punctuation_in_(-5;5)_vicinity
some_file.xml	token1	1	0	1	1	N	A	N	A	N	R	P	16	17	1	0
some_file.xml	token2	1	0	0	1	R	D	A	V	R	A	P	15	24	0	1
some_file.xml	token3	1	1	0	0	R	D	A	D	V	R	V	15	1	0	0
some_file.xml	token4	2	0	1	1	R	N	A	N	A	A	D	2	10	0	1
some_file.xml	token5	1	0	1	0	P	N	D	P	A	D	R	10	22	1	1
some_file.xml	token6	2	0	1	0	R	R	N	D	N	P	D	1	7	0	1
some_file.xml	token7	2	1	1	0	P	R	A	P	V	R	A	24	13	1	1
some_file.xml	token8	1	0	1	0	D	N	P	V	P	D	P	24	27	0	1
some_file.xml	token9	0	1	1	1	N	P	P	N	A	R	N	6	8	1	0
some_file.xml	token10	0	1	1	1	D	D	N	V	V	N	P	3	11	1	0
some_file.xml	token11	0	0	1	1	D	R	V	R	R	N	P	27	13	1	1
some_file.xml	token12	1	0	1	0	A	A	R	D	A	P	V	4	5	1	1
some_file.xml	token13	2	1	0	1	P	N	P	A	A	R	R	2	14	1	0
some_file.xml	token14	2	1	1	1	A	A	P	A	V	R	A	12	7	1	0
some_file.xml	token15	1	1	0	1	D	D	V	A	V	N	P	16	23	0	1
some_file.xml	token16	1	0	1	1	N	N	N	R	A	N	D	12	20	1	1
some_file.xml	token17	1	1	0	1	N	R	R	R	A	A	V	27	25	1	0
some_file.xml	token18	2	0	1	0	A	D	A	P	P	N	R	5	7	0	1
some_file.xml	token19	2	0	1	0	P	D	D	V	N	V	D	5	15	1	0
some_file.xml	token20	1	1	0	0	D	V	P	D	R	D	N	14	24	0	1
some_file.xml	token21	2	1	0	0	P	N	V	V	D	N	N	20	6	1	0
some_file.xml	token22	0	0	0	1	P	N	V	D	V	P	V	16	17	1	0
some_file.xml	token23	0	0	1	0	A	A	V	N	N	A	A	8	25	0	0
some_file.xml	token24	0	1	0	0	R	N	P	N	A	R	R	13	10	1	1
some_file.xml	token25	0	1	0	1	V	A	N	V	V	V	V	12	4	0	0
some_file.xml	token26	2	1	0	0	R	N	P	V	N	R	R	22	11	0	1
some_file.xml	token27	0	1	0	0	P	P	D	V	R	R	A	7	3	1	0
some_file.xml	token28	2	0	0	1	N	P	P	V	P	V	P	4	6	1	1
some_file.xml	token29	0	1	0	0	V	V	N	A	R	P	A	2	3	1	0
some_file.xml	token30	1	1	0	0	D	A	V	D	N	P	D	10	14	1	0
some_file.xml	token31	0	0	1	0	V	V	V	P	N	R	P	10	16	1	1
some_file.xml	token32	2	1	0	1	R	N	D	V	N	D	A	6	6	1	0
some_file.xml	token33	0	0	0	0	R	V	R	D	V	V	A	25	16	0	0
some_file.xml	token34	1	0	1	0	R	R	P	A	A	D	R	10	4	0	0
some_file.xml	token35	1	1	1	0	R	R	N	V	N	R	V	23	16	1	1
some_file.xml	token36	2	0	1	1	D	R	D	N	A	A	A	19	15	1	1
some_file.xml	token37	0	0	1	0	N	N	D	P	P	V	V	16	24	1	1
some_file.xml	token38	0	1	0	1	R	P	A	V	P	R	A	23	25	0	0
some_file.xml	token39	0	0	1	1	R	N	R	V	R	A	N	11	5	0	0
some_file.xml	token40	2	1	1	0	D	R	A	V	P	A	P	24	8	0	1
some_file.xml	token41	0	1	1	1	N	A	N	N	N	V	V	20	20	0	0
some_file.xml	token42	0	1	0	0	A	N	V	P	V	N	A	2	8	0	1
some_file.xml	token43	2	0	0	0	V	V	N	P	A	V	N	14	14	1	1
some_file.xml	token44	0	1	0	1	V	R	D	N	R	P	P	20	19	0	1
some_file.xml	token45	1	1	0	0	A	D	A	A	P	D	D	15	7	0	0
some_file.xml	token46	0	1	1	0	D	N	A	N	N	D	P	12	7	0	0
some_file.xml	token47	1	1	0	0	P	A	R	V	A	D	D	12	11	1	0
some_file.xml	token48	1	0	1	0	P	V	V	V	P	R	D	5	15	0	0
some_file.xml	token49	0	1	1	0	A	V	P	N	R	R	R	6	21	1	1
some_file.xml	token50	1	0	1	1	N	D	R	R	N	V	V	2	14	0	1
some_file.xml	token51	2	1	0	0	P	A	A	D	P	D	R	17	6	0	1
some_file.xml	token52	1	1	1	0	R	N	R	N	P	A	P	17	20	1	1
some_file.xml	token53	1	0	0	0	A	D	A	A	A	R	P	7	22	1	0
some_file.xml	token54	2	0	0	1	A	V	A	A	A	A	R	7	11	0	1
some_file.xml	token55	1	1	0	0	R	A	R	A	P	V	V	15	27	0	1
some_file.xml	token56	1	1	0	0	V	V	N	V	A	N	P	17	11	0	1
some_file.xml	token57	1	1	0	1	D	D	R	P	R	V	V	22	27	0	1
some_file.xml	token58	1	0	1	0	V	D	R	N	R	A	D	10	4	0	1
some_file.xml	token59	1	1	0	1	P	P	R	P	V	P	V	14	5	0	1
some_file.xml	token60	1	1	1	0	P	P	P	N	A	A	V	23	24	1	0
some_file.xml	token61	2	0	0	1	D	N	N	D	D	R	V	22	26	0	1
some_file.xml	token62	0	1	1	0	D	A	R	D	P	V	N	24	9	0	1
some_file.xml	token63	2	0	1	1	N	R	P	V	R	N	N	27	15	0	0
some_file.xml	token64	1	0	1	0	N	N	R	R	D	A	R	10	22	1	0
some_file.xml	token65	0	1	1	1	P	R	V	V	D	V	A	18	19	1	0
some_file.xml	token66	2	1	1	0	N	V	R	V	A	P	P	26	19	0	0
some_file.xml	token67	2	1	0	0	D	R	P	V	A	D	D	11	23	0	1
some_file.xml	token68	0	1	1	1	N	A	R	A	V	D	V	6	13	1	1
some_file.xml	token69	1	1	0	1	A	A	N	D	V	P	A	11	0	0	0
some_file.xml	token70	2	0	1	0	A	D	R	R	A	P	D	20	19	1	1
some_file.xml	token71	1	0	0	1	P	A	N	D	D	D	R	9	23	1	0
some_file.xml	token72	1	1	1	1	D	N	V	P	D	N	A	20	20	1	0
some_file.xml	token73	0	1	1	0	P	P	R	R	A	N	R	1	13	0	1
some_file.xml	token74	1	1	1	0	P	V	V	P	D	A	A	17	9	1	0
some_file.xml	token75	1	1	0	0	V	D	N	R	A	P	V	13	17	1	0
some_file.xml	token76	1	1	0	0	P	P	D	D	D	V	A	27	17	1	1
some_file.xml	token77	0	0	0	1	V	N	D	P	P	R	V	1	15	1	0
some_file.xml	token78	2	1	0	0	P	A	R	D	R	R	V	0	16	1	1
some_file.xml	token79	1	0	0	1	A	N	D	A	N	D	R	22	13	0	0
some_file.xml	token80	0	1	0	0	A	D	N	R	R	A	P	19	14	0	1
some_file.xml	token81	1	0	1	1	N	D	D	R	R	N	D	9	13	1	1
some_file.xml	token82	0	0	1	1	R	V	D	N	R	D	V	12	22	1	0
some_file.xml	token83	2	0	0	1	N	D	D	A	A	N	R	0	8	1	1
some_file.xml	token84	2	1	1	1	N	P	V	R	D	A	P	5	25	1	0
some_file.xml	token85	2	1	0	0	A	V	A	R	N	D	N	2	21	1	1
some_file.xml	token86	1	0	1	1	V	R	P	P	R	P	V	9	27	0	0
some_file.xml	token87	2	1	1	0	R	N	A	D	P	A	P	25	26	1	0
some_file.xml	token88	0	1	0	1	A	R	R	R	D	R	R	25	9	0	1
some_file.xml	token89	0	1	0	0	D	P	V	N	V	V	P	11	23	1	0
some_file.xml	token90	1	0	1	0	D	V	V	D	R	N	V	21	4	1	0
some_file.xml	token91	0	0	0	0	N	A	P	N	V	A	R	0	26	0	0
some_file.xml	token92	0	1	0	1	V	D	P	N	P	V	D	0	25	1	0
some_file.xml	token93	1	0	0	0	R	V	D	P	A	V	V	8	2	0	1
some_file.xml	token94	0	1	0	0	V	D	V	V	A	N	V	21	25	1	1
some_file.xml	token95	2	1	1	1	V	P	N	A	D	D	R	3	3	1	1
some_file.xml	token96	1	1	1	1	R	D	A	A	N	D	N	3	11	1	0
some_file.xml	token97	0	0	0	0	N	D	A	D	V	N	A	18	6	1	1
some_file.xml	token98	0	0	1	0	D	A	D	P	A	A	R	12	17	0	1
some_file.xml	token99	2	1	1	1	R	D	A	A	N	N	D	22	15	1	0
some_file.xml	token100	1	0	0	1	R	N	D	A	N	A	D	23	4	1	1
some_file.xml	token101	0	0	0	0	A	R	V	R	P	N	P	14	4	1	0
some_file.xml	token102	2	1	1	0	N	V	A	R	P	V	V	12	20	1	0
some_file.xml	token103	1	0	0	0	A	N	D	A	V	D	A	19	5	0	1
some_file.xml	token104	0	1	0	1	P	D	P	N	N	D	D	0	25	1	0
some_file.xml	token105	2	1	0	1	R	P	A	P	A	P	D	5	2	0	0
some_file.xml	token106	1	1	0	1	R	A	A	N	N	R	P	14	25	1	1
some_file.xml	token107	1	1	0	1	D	P	D	V	V	P	A	13	13	0	1
some_file.xml	token108	2	1	1	0	A	N	R	P	P	V	D	20	15	1	1
some_file.xml	token109	1	1	1	0	A	A	R	P	A	R	D	4	15	0	0
some_file.xml	token110	2	0	0	1	N	D	N	A	N	P	D	25	13	1	0
some_file.xml	token111	0	1	1	1	R	N	V	D	P	D	D	21	27	1	0
some_file.xml	token112	1	1	0	1	D	V	N	N	P	R	A	19	3	1	1
some_file.xml	token113	2	1	0	1	V	A	D	N	N	R	V	16	22	0	1
some_file.xml	token114	1	0	1	0	D	N	D	V	A	A	N	5	0	0	1
some_file.xml	token115	1	1	1	0	A	V	A	A	V	N	V	11	13	1	1
some_file.xml	token116	2	1	0	1	V	V	D	P	A	P	A	22	1	0	0
some_file.xml	token117	0	1	1	0	N	P	P	D	R	P	D	5	21	1	0
some_file.xml	token118	2	0	0	1	R	P	N	D	N	P	P	1	12	0	1
some_file.xml	token119	2	0	0	1	V	P	N	D	D	V	P	23	26	0	0
some_file.xml	token120	1	0	0	1	P	N	N	V	N	A	A	16	10	0	1
some_file.xml	token121	1	0	0	1	P	V	P	D	D	R	R	10	13	1	0
some_file.xml	token122	0	0	1	1	D	N	D	N	P	N	A	26	3	0	1
some_file.xml	token123	0	1	1	1	P	A	A	V	N	P	R	10	5	0	1
some_file.xml	token124	2	1	0	0	A	V	N	A	A	N	A	24	23	0	1
some_file.xml	token125	0	0	0	1	A	A	P	V	D	N	V	20	10	0	0
some_file.xml	token126	2	0	1	1	V	P	A	V	N	D	P	15	2	1	1
some_file.xml	token127	0	1	1	0	R	D	D	V	N	R	R	2	27	1	0
some_file.xml	token128	0	0	0	0	A	N	V	D	A	N	R	12	27	1	1
some_file.xml	token129	2	0	0	1	P	A	R	P	N	N	P	18	5	0	1
some_file.xml	token130	2	0	1	0	R	P	P	A	A	N	R	13	16	1	0
some_file.xml	token131	2	0	1	1	D	R	N	N	P	A	D	6	16	0	1
some_file.xml	token132	2	0	1	1	V	D	P	P	A	V	A	27	23	1	1
some_file.xml	token133	2	0	1	1	N	P	N	R	N	N	D	22	12	0	0
some_file.xml	token134	0	1	1	1	N	P	D	R	V	V	A	11	17	0	1
some_file.xml	token135	1	0	0	1	V	D	N	V	V	A	R	21	14	1	1
some_file.xml	token136	1	0	0	1	A	R	V	D	A	R	R	13	27	1	0
some_file.xml	token137	0	0	0	1	P	V	R	N	V	P	N	15	23	0	1
some_file.xml	token138	1	1	1	0	D	A	D	N	P	N	D	3	1	0	1
some_file.xml	token139	2	0	1	0	R	N	P	A	A	N	R	4	24	0	0
some_file.xml	token140	0	0	1	0	N	D	N	R	P	D	P	3	24	0	0
some_file.xml	token141	1	0	0	0	P	D	N	N	R	N	D	27	6	1	0
some_file.xml	token142	2	1	0	0	D	P	A	A	P	D	R	21	2	0	0
some_file.xml	token143	2	0	0	0	A	N	D	P	P	D	D	26	26	0	1
some_file.xml	token144	2	1	0	1	D	D	N	D	R	R	A	13	3	0	0
some_file.xml	token145	2	0	1	1	V	V	V	D	V	D	N	11	11	1	1
some_file.xml	token146	0	1	1	0	R	A	V	R	A	D	R	1	17	1	0
some_file.xml	token147	2	0	1	0	A	D	P	P	P	P	D	0	9	1	0
some_file.xml	token148	1	1	0	0	A	V	A	R	P	R	A	7	24	1	0
some_file.xml	token149	0	0	1	0	V	N	A	P	D	P	A	13	0	1	1
some_file.xml	token150	0	0	0	1	R	N	A	R	P	A	R	21	23	1	1
some_file.xml	token151	2	0	0	1	P	N	A	N	R	A	V	9	0	1	1
some_file.xml	token152	2	0	1	0	V	D	R	D	A	N	V	10	8	1	1
some_file.xml	token153	2	0	1	1	P	N	R	D	R	R	R	2	8	0	1
some_file.xml	token154	0	0	1	1	A	R	N	P	A	D	N	24	6	1	0
some_file.xml	token155	2	0	1	1	V	R	R	V	V	N	A	11	9	0	1
some_file.xml	token156	2	0	0	0	P	R	D	R	A	V	P	27	18	1	0
some_file.xml	token157	0	0	0	0	P	V	R	V	R	D	A	21	17	1	0
some_file.xml	token158	2	0	0	1	A	V	N	A	D	A	A	24	14	1	0
some_file.xml	token159	0	1	1	1	P	D	V	N	V	N	V	9	23	0	1
some_file.xml	token160	0	1	0	0	V	N	P	N	D	A	D	2	24	0	0
some_file.xml	token161	1	1	0	1	A	A	A	V	R	N	R	13	6	1	1
some_file.xml	token162	0	1	1	1	V	P	P	D	A	A	A	5	1	0	0
some_file.xml	token163	2	1	1	1	A	D	P	P	P	V	P	8	15	0	0
some_file.xml	token164	2	1	0	1	V	D	P	P	R	V	V	18	26	1	0
some_file.xml	token165	0	1	0	1	A	R	N	V	R	R	V	19	10	0	0
some_file.xml	token166	2	1	0	1	V	V	D	P	P	P	P	9	23	0	1
some_file.xml	token167	2	0	0	1	D	R	V	V	D	V	A	27	11	0	0
some_file.xml	token168	2	1	1	0	A	V	R	V	A	P	N	24	9	1	0
some_file.xml	token169	0	1	1	0	V	V	V	P	R	D	R	8	19	1	0
some_file.xml	token170	1	0	0	1	R	P	P	R	N	N	D	4	4	1	0
some_file.xml	token171	2	1	0	0	A	V	V	D	R	D	N	2	0	0	1
some_file.xml	token172	0	1	1	1	A	V	A	A	P	N	D	7	18	0	0
some_file.xml	token173	1	1	0	0	N	N	V	A	R	N	D	17	10	1	1
some_file.xml	token174	0	1	0	0	N	D	A	D	P	P	V	16	2	1	0
some_file.xml	token175	2	1	1	0	P	P	P	R	P	D	D	21	14	1	0
some_file.xml	token176	1	1	1	1	P	A	P	V	A	P	A	24	18	0	0
some_file.xml	token177	0	1	0	0	A	A	V	A	V	A	N	13	23	0	1
some_file.xml	token178	1	0	1	1	P	D	A	D	D	N	D	1	8	1	0
some_file.xml	token179	2	1	0	0	A	R	R	P	N	N	V	22	20	0	1
some_file.xml	token180	0	0	1	0	V	R	N	D	P	N	R	14	20	1	1
some_file.xml	token181	2	0	0	0	N	D	R	D	D	D	V	0	2	0	1
some_file.xml	token182	2	0	1	0	R	P	P	V	V	V	A	20	25	0	1
some_file.xml	token183	2	0	0	1	D	D	V	V	N	D	A	15	19	0	0
some_file.xml	token184	0	1	0	0	P	V	A	R	P	D	A	2	19	1	0
some_file.xml	token185	0	1	0	0	P	R	R	V	A	R	R	25	9	0	0
some_file.xml	token186	2	0	0	1	V	D	N	V	N	D	D	18	19	0	0
some_file.xml	token187	0	1	1	1	V	V	R	V	P	R	P	23	26	0	0
some_file.xml	token188	0	1	1	1	N	N	V	D	D	A	P	23	15	1	1
some_file.xml	token189	2	0	1	1	V	P	R	N	P	D	V	10	15	1	0
some_file.xml	token190	1	1	1	1	P	A	N	D	P	P	R	0	23	1	0
some_file.xml	token191	0	1	0	0	P	P	D	N	V	P	D	7	20	1	0
some_file.xml	token192	0	1	0	0	A	N	N	N	V	R	A	10	24	1	1
some_file.xml	token193	1	1	1	1	V	R	A	D	A	N	P	17	23	1	1
some_file.xml	token194	0	0	1	1	N	P	D	D	N	V	A	10	11	1	1
some_file.xml	token195	0	0	0	1	P	A	V	A	D	D	D	16	12	0	1
some_file.xml	token196	1	1	1	0	D	P	N	A	D	A	R	13	14	0	0
some_file.xml	token197	0	1	1	0	D	D	P	R	N	N	N	26	14	1	1
some_file.xml	token198	2	1	0	1	A	P	D	V	N	P	D	16	5	1	0
some_file.xml	token199	0	0	0	1	A	V	N	A	V	N	V	2	9	0	1
some_file.xml	token200	2	0	0	1	P	A	A	A	A	P	P	22	12	0	1
some_file.xml	token201	2	0	1	1	N	N	V	D	V	A	N	11	2	1	0
some_file.xml	token202	0	1	1	0	V	D	P	D	A	N	V	8	21	1	0
some_file.xml	token203	2	0	1	0	R	V	R	D	A	N	V	22	9	1	1
some_file.xml	token204	2	1	1	1	N	V	V	P	V	D	P	18	27	0	1
some_file.xml	token205	0	0	1	0	A	R	R	N	A	D	D	0	24	1	0
some_file.xml	token206	1	0	0	0	D	N	N	A	N	V	A	15	27	0	1
some_file.xml	token207	0	1	1	1	N	A	P	R	P	P	D	1	12	1	0
some_file.xml	token208	1	1	0	0	R	A	R	P	N	R	R	1	25	1	1
some_file.xml	token209	0	1	0	1	D	V	A	P	D	D	A	9	7	1	0
some_file.xml	token210	1	1	1	1	P	N	D	N	N	R	R	0	10	0	0
some_file.xml	token211	0	0	1	0	P	D	D	N	N	D	R	5	23	0	1
some_file.xml	token212	0	1	0	0	V	A	D	N	P	P	N	8	16	1	1
some_file.xml	token213	0	1	0	1	N	V	R	R	D	P	P	20	2	0	1
some_file.xml	token214	2	1	1	1	N	V	A	D	N	V	V	11	12	1	1
some_file.xml	token215	2	1	0	1	D	D	D	P	D	A	A	22	5	0	0
some_file.xml	token216	0	0	1	1	D	R	V	V	A	P	D	4	12	0	0
some_file.xml	token217	1	0	1	1	D	A	P	V	P	P	A	15	20	0	1
some_file.xml	token218	2	1	1	0	R	N	R	R	R	R	R	4	1	1	0
some_file.xml	token219	2	1	0	0	A	R	P	P	R	N	D	27	11	0	1
some_file.xml	token220	1	0	1	0	V	V	N	P	R	P	A	4	27	0	1
some_file.xml	token221	0	0	1	0	R	A	R	D	R	V	D	16	6	1	1
some_file.xml	token222	1	0	1	1	P	R	N	D	A	P	R	2	13	1	0
some_file.xml	token223	2	0	0	1	V	V	P	V	N	R	D	27	18	0	1
some_file.xml	token224	0	0	1	0	P	V	V	D	N	D	D	9	27	0	1
some_file.xml	token225	1	1	0	0	R	N	P	A	R	A	R	5	19	0	1
some_file.xml	token226	2	0	0	1	V	R	P	A	P	R	A	12	17	0	0
some_file.xml	token227	0	1	1	1	P	D	R	V	A	V	V	2	10	1	1
some_file.xml	token228	0	1	1	0	D	V	P	V	V	V	N	12	16	1	1
some_file.xml	token229	1	0	1	1	D	N	D	A	R	P	V	20	3	0	0
some_file.xml	token230	2	0	0	1	N	R	R	A	R	R	P	8	18	1	1
some_file.xml	token231	2	0	1	1	D	V	A	D	V	V	R	10	13	0	1
some_file.xml	token232	1	0	1	0	N	P	D	N	D	R	P	10	27	1	0
some_file.xml	token233	2	1	0	1	A	N	R	R	N	R	R	3	21	1	1
some_file.xml	token234	1	1	0	0	R	D	N	P	V	R	P	19	6	1	0
some_file.xml	token235	1	1	0	0	D	D	D	R	D	P	P	26	1	0	0
some_file.xml	token236	2	1	1	1	A	P	D	V	P	N	D	1	15	0	1
some_file.xml	token237	2	0	0	0	P	P	D	A	D	P	D	9	13	0	1
some_file.xml	token238	0	0	1	1	R	V	V	R	P	N	R	8	18	0	1
some_file.xml	token239	1	1	1	1	R	N	P	R	D	V	P	4	6	1	1
some_file.xml	token240	2	1	0	0	P	V	P	R	R	R	P	1	26	0	0
some_file.xml	token241	0	1	1	0	R	R	N	V	D	R	A	15	23	0	0
some_file.xml	token242	2	0	1	0	P	A	R	V	P	D	D	2	15	0	0
some_file.xml	token243	0	1	0	0	A	N	P	R	N	N	R	16	3	1	0
some_file.xml	token244	0	1	1	0	N	A	R	V	P	A	N	14	23	0	0
some_file.xml	token245	0	1	1	0	P	P	A	V	R	P	D	13	2	1	0
some_file.xml	token246	1	1	1	1	D	A	R	R	N	N	N	2	16	0	0
some_file.xml	token247	2	0	0	0	R	V	V	A	D	V	A	15	8	0	1
some_file.xml	token248	1	0	1	1	N	R	N	V	P	V	V	3	12	1	0
some_file.xml	token249	1	0	0	1	D	P	A	V	R	R	R	8	10	0	0
some_file.xml	token250	2	1	1	1	V	R	P	R	R	A	D	2	5	1	0
some_file.xml	token251	2	1	1	1	V	D	R	R	N	D	R	18	7	1	0
some_file.xml	token252	0	0	0	1	A	N	N	N	R	R	A	7	21	0	1
some_file.xml	token253	0	0	0	0	V	N	R	D	A	D	P	4	21	1	0
some_file.xml	token254	2	1	1	1	R	N	P	V	V	D	P	3	5	0	1
some_file.xml	token255	1	1	0	0	D	V	N	R	R	N	A	7	17	0	0
some_file.xml	token256	1	1	0	0	A	V	R	D	R	A	N	16	5	1	1
some_file.xml	token257	0	1	1	1	A	D	N	D	P	D	R	17	26	0	0
some_file.xml	token258	0	1	0	1	V	P	N	R	D	V	A	21	4	0	0
some_file.xml	token259	0	0	1	0	N	P	P	A	P	A	N	20	17	1	0
some_file.xml	token260	2	0	1	0	R	P	R	A	D	A	R	13	11	1	0
some_file.xml	token261	1	1	1	0	R	D	D	P	V	R	A	22	17	1	1
some_file.xml	token262	1	1	0	0	R	R	R	A	V	R	D	4	1	1	1
some_file.xml	token263	2	0	0	0	R	P	A	R	V	D	D	4	17	0	0
some_file.xml	token264	2	0	0	0	V	R	D	V	V	D	A	17	15	0	1
some_file.xml	token265	0	1	0	1	A	V	N	R	D	V	V	0	24	0	0
some_file.xml	token266	2	1	1	1	V	V	P	P	P	A	A	5	22	1	0
some_file.xml	token267	0	1	1	1	A	A	V	N	R	A	P	14	8	1	1
some_file.xml	token268	0	1	0	1	V	P	D	P	D	V	P	21	17	0	0
some_file.xml	token269	1	0	0	1	N	A	D	V	D	P	V	16	22	1	1
some_file.xml	token270	0	0	1	1	P	P	P	P	P	A	D	19	8	1	1
some_file.xml	token271	0	0	0	1	P	A	V	D	R	A	N	3	13	0	1
some_file.xml	token272	0	1	0	1	R	V	V	R	V	R	N	9	2	0	0
some_file.xml	token273	1	0	1	0	P	R	A	D	N	R	P	17	27	1	1
some_file.xml	token274	2	1	0	1	D	V	A	R	N	V	R	16	25	1	0
some_file.xml	token275	2	1	0	0	V	A	R	A	N	A	P	14	15	0	1
some_file.xml	token276	1	1	0	1	V	A	P	A	R	R	R	6	7	1	1
some_file.xml	token277	0	1	1	1	V	D	P	R	P	N	A	19	2	1	1
some_file.xml	token278	1	0	1	0	D	D	P	N	N	N	D	0	26	1	0
some_file.xml	token279	2	1	1	0	N	P	N	A	P	A	P	4	2	0	0
some_file.xml	token280	1	0	0	1	D	V	N	P	R	A	A	23	2	1	0
some_file.xml	token281	1	1	0	1	V	V	A	V	D	A	N	20	6	1	1
some_file.xml	token282	2	1	1	0	V	R	D	V	A	V	V	19	6	0	1
some_file.xml	token283	0	1	1	1	D	P	R	P	N	P	N	26	18	1	0
some_file.xml	token284	1	1	0	0	D	V	A	N	D	V	N	23	13	0	1
some_file.xml	token285	1	1	1	1	V	D	D	V	D	A	V	13	10	0	1
some_file.xml	token286	2	1	0	1	D	A	D	D	V	A	A	7	5	1	1
some_file.xml	token287	1	0	0	1	N	R	V	V	D	R	A	27	12	1	1
some_file.xml	token288	2	1	0	1	V	N	D	R	P	D	N	20	5	0	1
some_file.xml	token289	0	1	1	1	P	D	D	R	P	R	V	24	1	1	1
some_file.xml	token290	1	1	1	0	N	P	A	D	N	V	V	21	4	0	1
some_file.xml	token291	0	1	0	1	R	A	D	R	P	P	D	12	12	0	0
some_file.xml	token292	1	0	0	0	R	D	R	V	D	D	V	23	22	0	0
some_file.xml	token293	1	1	0	1	D	N	R	D	A	N	P	24	14	1	1
some_file.xml	token294	0	1	1	0	A	A	P	R	A	A	N	9	20	1	0
some_file.xml	token295	0	0	0	0	V	R	R	R	R	P	R	24	0	0	0
some_file.xml	token296	0	1	1	1	V	R	V	V	P	V	A	1	25	1	0
some_file.xml	token297	2	0	0	0	N	P	A	N	P	D	N	9	10	0	1
some_file.xml	token298	0	1	1	1	P	P	P	D	R	V	A	0	20	0	0
some_file.xml	token299	2	1	1	0	A	P	A	V	P	A	D	21	14	1	1
some_file.xml	token300	2	0	1	0	R	P	R	R	N	A	P	5	16	0	1
some_file.xml	token301	1	0	1	1	N	D	A	N	D	A	R	18	27	0	1
some_file.xml	token302	0	0	0	0	N	D	R	A	A	V	D	9	11	0	1
some_file.xml	token303	0	0	1	1	V	V	A	R	D	R	R	3	24	0	0
some_file.xml	token304	0	1	0	1	D	R	R	A	A	A	A	8	6	0	0
some_file.xml	token305	2	1	0	1	D	A	R	R	A	D	P	2	0	1	0
some_file.xml	token306	2	1	1	1	R	V	N	V	V	D	R	27	25	1	1
some_file.xml	token307	0	1	0	0	R	R	V	A	N	R	N	2	8	1	1
some_file.xml	token308	2	0	0	1	D	R	D	N	R	P	D	2	21	0	0
some_file.xml	token309	0	0	1	0	A	N	V	P	D	D	V	16	4	0	0
some_file.xml	token310	1	1	0	1	V	V	D	N	A	D	P	11	22	0	0
some_file.xml	token311	2	1	1	0	V	P	V	V	N	R	A	0	20	1	0
some_file.xml	token312	0	0	1	0	R	N	R	A	N	R	N	3	27	1	0
some_file.xml	token313	0	0	0	1	R	A	A	N	V	D	R	19	15	0	0
some_file.xml	token314	1	0	1	1	R	D	R	V	P	P	N	15	25	0	0
some_file.xml	token315	0	0	1	1	V	D	D	N	A	D	P	10	1	0	0
some_file.xml	token316	2	0	0	1	A	A	V	P	D	A	P	25	22	1	1
some_file.xml	token317	2	1	1	1	R	P	N	V	R	N	D	5	4	1	1
some_file.xml	token318	1	1	1	1	R	N	A	D	N	P	P	11	10	0	1
some_file.xml	token319	2	0	0	0	V	D	N	P	A	V	R	8	19	1	0
some_file.xml	token320	0	1	0	1	R	V	R	V	R	D	V	2	14	1	1
some_file.xml	token321	1	1	0	1	P	V	V	R	N	D	R	18	10	1	1
some_file.xml	token322	1	1	1	1	N	A	R	V	N	A	R	21	0	1	1
some_file.xml	token323	2	1	1	0	R	P	N	V	A	R	R	0	17	0	1
some_file.xml	token324	0	0	0	1	R	N	V	R	P	D	R	16	0	1	0
some_file.xml	token325	0	1	1	1	V	R	R	P	V	R	V	0	13	0	1
some_file.xml	token326	2	1	0	0	A	D	V	N	R	V	A	6	25	0	1
some_file.xml	token327	2	0	0	0	D	N	A	R	R	A	N	19	27	0	0
some_file.xml	token328	1	1	1	1	R	A	P	P	N	D	N	3	16	0	1
some_file.xml	token329	1	0	0	0	V	R	N	N	D	N	A	11	2	0	0
some_file.xml	token330	2	1	0	1	A	N	V	D	A	N	R	17	5	0	1
some_file.xml	token331	0	0	0	0	V	D	R	P	A	R	A	18	22	0	0
some_file.xml	token332	0	0	0	0	P	P	A	V	N	D	R	10	26	1	0
some_file.xml	token333	0	1	0	0	A	V	V	A	R	V	N	27	12	1	0
some_file.xml	token334	0	1	1	0	R	D	V	D	R	N	P	26	25	0	1
some_file.xml	token335	1	0	0	1	D	P	R	R	P	D	R	2	21	0	0
some_file.xml	token336	2	0	1	1	A	A	P	V	R	P	D	2	6	0	1
some_file.xml	token337	2	0	0	0	P	D	D	N	V	A	N	24	15	1	1
some_file.xml	token338	1	0	0	0	P	D	V	N	D	R	N	1	10	1	0
some_file.xml	token339	2	1	1	1	P	V	P	A	A	R	R	11	13	1	0
some_file.xml	token340	1	0	1	0	D	V	N	N	D	V	A	8	6	1	1
some_file.xml	token341	2	0	1	1	N	D	D	V	D	A	P	6	3	0	0
some_file.xml	token342	1	1	1	1	P	N	A	P	V	R	D	8	14	1	0
some_file.xml	token343	1	0	0	0	P	P	A	R	V	V	P	20	27	1	1
some_file.xml	token344	1	1	0	1	R	A	D	P	N	P	V	11	24	1	1
some_file.xml	token345	0	1	1	1	N	N	D	N	A	P	R	5	17	1	1
some_file.xml	token346	0	0	0	1	D	V	P	P	A	N	R	26	5	0	1
some_file.xml	token347	2	1	0	0	N	R	P	P	R	N	N	7	8	0	1
some_file.xml	token348	1	1	0	0	N	R	R	N	A	A	N	14	20	1	1
some_file.xml	token349	0	0	1	1	V	R	V	V	N	A	P	13	11	0	1
some_file.xml	token350	1	1	1	0	P	V	P	V	N	N	R	1	4	1	0
some_file.xml	token351	0	0	0	1	D	A	A	N	V	P	V	2	7	1	1
some_file.xml	token352	0	1	1	0	P	V	P	A	A	R	V	20	1	1	1
some_file.xml	token353	2	0	0	0	A	R	N	D	D	R	N	0	20	0	0
some_file.xml	token354	2	0	0	0	P	N	A	A	N	N	A	6	19	1	0
some_file.xml	token355	2	0	0	0	R	N	N	N	D	P	D	25	14	0	1
some_file.xml	token356	0	1	0	0	A	N	V	P	N	P	R	11	27	1	0
some_file.xml	token357	0	1	0	0	V	D	P	R	P	A	R	0	15	1	0
some_file.xml	token358	1	0	1	0	A	P	A	R	A	A	N	16	25	1	0
some_file.xml	token359	0	1	1	0	P	A	P	N	D	N	V	24	9	0	1
some_file.xml	token360	1	0	1	0	V	A	A	A	V	N	R	2	13	1	0
some_file.xml	token361	2	1	1	0	P	P	N	P	P	P	R	15	17	1	0
some_file.xml	token362	0	1	1	1	P	P	P	R	A	D	V	23	10	1	1
some_file.xml	token363	0	0	0	0	R	A	P	D	N	N	V	11	20	0	0
some_file.xml	token364	1	1	0	1	R	A	D	N	R	N	P	2	23	1	0
some_file.xml	token365	0	1	1	1	R	A	V	D	P	V	D	1	21	0	0
some_file.xml	token366	0	1	1	1	N	R	P	R	N	D	A	18	19	1	1
some_file.xml	token367	0	0	0	1	N	A	A	R	A	V	P	2	12	0	0
some_file.xml	token368	1	1	1	0	D	P	N	A	V	D	P	25	23	1	1
some_file.xml	token369	2	1	0	1	V	R	P	R	A	N	D	13	5	0	1
some_file.xml	token370	1	1	0	1	D	R	D	V	R	A	A	8	0	1	0
some_file.xml	token371	0	1	1	1	N	N	P	V	P	A	V	23	1	1	0
some_file.xml	token372	0	0	0	0	D	N	P	V	P	N	P	3	3	1	0
some_file.xml	token373	0	1	0	0	R	A	A	N	D	A	A	1	5	0	1
some_file.xml	token374	0	0	1	1	P	A	D	A	R	P	D	11	22	0	1
some_file.xml	token375	1	1	0	1	R	R	N	V	P	N	P	7	8	1	1
some_file.xml	token376	0	1	0	1	P	D	P	P	N	V	P	0	23	1	0
some_file.xml	token377	0	0	0	0	A	P	V	N	R	A	V	12	18	1	1
some_file.xml	token378	0	0	0	1	D	V	A	N	R	A	P	22	17	0	1
some_file.xml	token379	2	1	0	1	P	A	V	R	V	R	R	0	1	1	0
some_file.xml	token380	0	1	0	0	R	D	R	R	R	P	D	16	19	1	0
some_file.xml	token381	0	0	0	0	R	R	P	R	P	N	D	2	24	0	0
some_file.xml	token382	2	0	1	0	D	N	A	A	V	D	V	3	23	0	1
some_file.xml	token383	2	1	0	1	A	A	R	N	R	P	N	19	6	1	1
some_file.xml	token384	1	1	0	1	V	D	N	V	P	N	P	23	2	1	0
some_file.xml	token385	2	0	0	1	V	D	D	D	N	D	D	26	6	0	0
some_file.xml	token386	2	1	1	1	N	P	N	D	A	P	V	18	13	0	0
some_file.xml	token387	0	1	1	0	D	D	A	P	D	V	D	8	24	0	0
some_file.xml	token388	2	1	1	0	R	D	V	D	A	D	P	2	20	0	1
some_file.xml	token389	0	0	1	1	N	P	D	R	V	N	V	11	27	0	0
some_file.xml	token390	1	1	0	0	R	R	V	P	R	A	R	26	12	1	0
some_file.xml	token391	1	1	0	0	A	V	A	N	D	V	R	1	22	1	0
some_file.xml	token392	2	1	0	1	R	D	R	P	D	P	A	15	8	0	0
some_file.xml	token393	0	1	1	0	P	V	A	D	A	A	R	23	24	0	1
some_file.xml	token394	0	0	1	1	V	N	V	A	R	P	P	15	15	1	1
some_file.xml	token395	0	1	1	1	N	N	D	V	N	D	R	5	27	1	1
some_file.xml	token396	1	0	0	1	R	P	A	N	A	R	D	8	16	0	1
some_file.xml	token397	1	0	1	0	D	D	D	D	N	D	P	13	6	1	0
some_file.xml	token398	2	0	1	1	D	A	A	V	N	R	N	27	0	1	1
some_file.xml	token399	1	1	1	1	P	A	R	D	V	D	V	7	4	1	0
some_file.xml	token400	2	0	1	0	N	D	A	P	V	N	D	1	14	1	1
some_file.xml	token401	1	0	0	1	A	P	D	N	V	R	P	17	14	1	0
some_file.xml	token402	1	0	0	1	A	A	N	R	P	V	V	21	10	0	1
some_file.xml	token403	2	0	1	1	N	A	V	N	N	A	R	24	13	1	0
some_file.xml	token404	2	0	1	1	P	N	A	N	R	N	D	9	8	1	0
some_file.xml	token405	2	1	1	0	A	N	D	P	A	A	V	8	27	1	0
some_file.xml	token406	2	0	1	1	A	D	N	A	A	P	D	4	4	1	1
some_file.xml	token407	0	0	1	1	R	P	V	V	V	N	P	25	11	1	1
some_file.xml	token408	1	1	1	1	N	V	A	R	R	D	A	5	27	0	0
some_file.xml	token409	1	0	0	1	V	V	P	D	D	V	V	1	21	0	1
some_file.xml	token410	0	1	0	0	R	D	R	A	R	A	N	26	23	1	1
some_file.xml	token411	1	1	0	0	R	V	N	P	R	N	R	6	8	1	0
some_file.xml	token412	2	0	1	1	N	V	P	A	D	A	D	26	8	0	1
some_file.xml	token413	1	0	1	0	R	R	R	R	R	P	V	19	13	1	1
some_file.xml	token414	1	0	0	0	A	A	P	N	D	N	D	0	3	1	0
some_file.xml	token415	0	0	1	1	V	A	D	N	P	R	D	21	3	1	1
some_file.xml	token416	1	0	0	1	V	P	R	V	D	V	N	7	10	1	1
some_file.xml	token417	1	1	0	0	N	R	N	R	A	V	V	6	20	1	0
some_file.xml	token418	1	1	1	1	V	V	A	R	P	P	N	16	9	0	1
some_file.xml	token419	2	1	1	1	R	P	P	A	P	N	R	19	27	1	1
some_file.xml	token420	2	0	0	0	R	V	A	V	R	R	D	7	11	0	1
some_file.xml	token421	2	1	1	1	R	D	N	P	N	A	V	27	13	1	0
some_file.xml	token422	1	1	1	1	N	R	R	R	A	A	D	24	20	1	1
some_file.xml	token423	2	1	0	1	V	D	A	R	R	A	N	3	19	0	0
some_file.xml	token424	0	0	0	1	R	A	N	D	V	N	P	6	25	1	0
some_file.xml	token425	0	0	1	0	D	D	V	P	V	P	V	19	2	1	0
some_file.xml	token426	2	0	0	1	D	A	P	V	D	N	V	13	2	0	0
some_file.xml	token427	0	0	0	1	N	A	V	D	D	P	D	17	5	0	1
some_file.xml	token428	1	0	1	0	D	P	D	N	A	A	R	24	15	0	0
some_file.xml	token429	2	1	1	1	V	R	A	N	N	N	R	7	0	1	1
some_file.xml	token430	1	0	1	0	R	D	P	R	N	D	V	11	5	1	1
some_file.xml	token431	2	1	0	1	D	A	V	V	D	R	D	22	11	1	1
some_file.xml	token432	1	1	1	0	D	A	P	P	R	P	A	22	17	0	0
some_file.xml	token433	1	0	1	1	A	D	N	D	R	N	A	20	24	0	0
some_file.xml	token434	2	0	0	1	D	P	A	P	R	P	A	5	1	1	0
some_file.xml	token435	0	0	0	0	D	V	A	D	D	R	N	2	22	1	0
some_file.xml	token436	2	1	0	1	P	V	V	A	D	A	P	1	8	1	1
some_file.xml	token437	0	1	0	0	P	R	R	P	N	P	N	18	21	1	1
some_file.xml	token438	1	0	0	1	R	N	A	R	V	D	V	6	9	1	1
some_file.xml	token439	2	0	1	1	A	P	N	V	D	D	P	23	27	0	1
some_file.xml	token440	1	1	0	1	P	D	R	P	D	R	N	3	18	1	1
some_file.xml	token441	0	1	1	1	R	N	N	N	A	P	V	8	27	1	0
some_file.xml	token442	2	1	0	1	D	N	D	A	V	D	A	8	15	1	1
some_file.xml	token443	0	0	1	1	V	R	A	N	N	N	A	4	13	0	1
some_file.xml	token444	1	0	1	0	V	V	N	P	R	R	R	7	25	1	0
some_file.xml	token445	0	1	0	1	P	D	R	V	A	N	R	16	2	0	0
some_file.xml	token446	2	0	1	1	D	A	D	R	A	P	P	3	23	0	1
some_file.xml	token447	0	0	1	0	D	R	R	R	A	V	V	16	5	0	0
some_file.xml	token448	2	1	0	0	D	V	V	N	V	A	V	13	3	0	1
some_file.xml	token449	0	1	0	1	P	D	R	P	P	V	P	21	23	1	1
some_file.xml	token450	1	1	1	0	P	V	R	N	R	P	N	4	20	0	1
some_file.xml	token451	1	1	1	0	N	N	R	A	N	R	P	22	16	0	1
some_file.xml	token452	1	0	0	1	A	A	D	A	R	R	N	6	22	0	1
some_file.xml	token453	2	0	1	0	A	A	R	A	N	V	P	2	9	0	0
some_file.xml	token454	1	0	1	0	R	A	R	A	N	P	D	14	27	1	1
some_file.xml	token455	1	0	0	0	D	A	N	V	V	R	A	18	24	1	1
some_file.xml	token456	1	0	0	1	V	N	P	R	N	A	N	24	0	1	1
some_file.xml	token457	1	1	0	1	D	R	N	D	A	V	D	26	1	0	0
some_file.xml	token458	1	1	0	1	P	V	R	V	R	R	V	18	2	0	0
some_file.xml	token459	1	0	1	1	R	D	V	N	V	N	P	18	1	1	0
some_file.xml	token460	2	1	0	0	D	D	A	R	P	A	D	11	19	1	1
some_file.xml	token461	0	1	0	1	A	V	V	P	D	D	V	15	12	0	1
some_file.xml	token462	2	0	1	1	N	D	A	V	R	A	P	4	19	0	1
some_file.xml	token463	1	0	1	0	V	P	N	N	P	D	D	2	6	0	0
some_file.xml	token464	2	1	0	1	V	R	R	V	R	R	P	5	26	0	0
some_file.xml	token465	1	0	0	1	V	P	D	P	R	P	P	0	1	0	1
some_file.xml	token466	2	0	1	0	N	V	A	V	A	V	N	22	25	1	0
some_file.xml	token467	1	0	0	1	V	R	N	V	N	R	N	3	24	1	1
some_file.xml	token468	1	1	1	1	P	R	P	N	V	R	D	12	23	0	0
some_file.xml	token469	1	0	1	0	A	R	N	V	R	A	N	4	8	0	1
some_file.xml	token470	2	1	1	0	R	R	N	P	N	R	R	19	24	0	1
some_file.xml	token471	2	1	0	1	A	V	D	R	P	P	R	22	23	1	0
some_file.xml	token472	0	1	1	1	R	P	V	P	A	D	D	25	24	1	0
some_file.xml	token473	2	0	1	0	N	R	D	D	N	P	N	12	11	0	1
some_file.xml	token474	2	1	1	1	D	V	R	V	D	R	R	26	22	0	1
some_file.xml	token475	2	1	0	1	R	N	V	V	D	D	R	27	23	0	0
some_file.xml	token476	2	1	0	0	R	N	N	P	R	N	A	14	0	0	1
some_file.xml	token477	0	1	1	1	N	D	V	R	P	N	R	25	16	0	1
some_file.xml	token478	0	1	0	0	R	V	N	P	N	N	R	7	0	0	1
some_file.xml	token479	0	0	1	1	R	R	V	A	N	D	V	0	13	0	1
some_file.xml	token480	0	0	1	1	P	A	V	A	N	A	D	8	12	0	1
some_file.xml	token481	2	0	0	0	P	D	D	P	D	V	V	2	7	0	1
some_file.xml	token482	1	0	0	0	N	N	R	D	V	N	P	11	21	1	1
some_file.xml	token483	2	0	1	0	P	P	A	R	D	V	D	17	15	0	0
some_file.xml	token484	0	1	1	1	P	D	D	A	P	A	V	24	8	0	0
some_file.xml	token485	1	1	1	0	R	D	A	N	V	A	P	0	14	0	0
some_file.xml	token486	0	0	1	1	D	P	N	P	N	A	A	0	16	1	1
some_file.xml	token487	2	1	0	1	P	N	A	D	V	V	N	25	25	1	1
some_file.xml	token488	0	0	0	0	A	A	P	N	A	P	P	23	20	0	0
some_file.xml	token489	1	1	0	0	N	A	P	P	V	N	N	4	17	1	0
some_file.xml	token490	1	1	1	1	P	R	A	N	N	D	N	16	6	1	0
some_file.xml	token491	2	0	0	1	P	R	V	N	N	D	N	27	4	1	0
some_file.xml	token492	1	0	1	1	P	P	N	R	A	A	N	4	25	1	0
some_file.xml	token493	1	1	0	0	N	R	R	R	N	N	A	8	3	0	0
some_file.xml	token494	1	1	1	0	P	N	V	D	D	N	D	9	24	0	0
some_file.xml	token495	1	0	0	1	V	N	A	A	R	R	D	7	23	0	0
some_file.xml	token496	0	1	1	1	D	R	N	D	N	N	P	24	24	1	1
some_file.xml	token497	2	0	0	0	P	P	V	R	A	V	V	13	1	1	1
some_file.xml	token498	0	1	1	1	V	R	D	N	N	R	V	2	7	1	1
some_file.xml	token499	2	1	0	0	R	N	D	D	R	R	P	26	11	1	0
some_file.xml	token500	1	0	0	0	P	D	N	V	R	D	V	7	3	0	1
some_file.xml	token501	0	1	0	1	A	N	D	P	R	A	D	24	0	1	1
some_file.xml	token502	2	1	0	1	A	P	N	A	N	D	V	3	17	1	0
some_file.xml	token503	2	1	1	1	R	P	P	R	A	D	N	10	21	0	0
some_file.xml	token504	1	0	0	1	A	P	P	D	P	N	P	24	13	1	0
some_file.xml	token505	0	1	1	0	D	P	N	V	D	D	V	3	7	0	0
some_file.xml	token506	2	0	1	0	V	D	R	P	N	N	P	15	3	1	0
some_file.xml	token507	2	1	1	1	D	R	A	N	R	R	N	16	3	1	0
some_file.xml	token508	0	0	0	0	A	V	D	N	V	D	D	27	16	0	0
some_file.xml	token509	1	0	1	1	P	N	R	N	V	V	R	24	4	1	0
some_file.xml	token510	0	1	0	1	P	D	D	R	N	P	N	23	0	1	1
some_file.xml	token511	2	1	0	1	D	P	N	N	D	R	P	23	2	1	0
some_file.xml	token512	1	0	1	1	N	A	N	P	D	V	N	4	12	1	1
some_file.xml	token513	2	1	1	0	R	V	R	P	R	N	D	17	22	1	0
some_file.xml	token514	1	1	1	1	R	A	N	N	A	N	V	26	17	0	0
some_file.xml	token515	1	0	1	1	D	D	A	A	N	A	V	10	3	0	0
some_file.xml	token516	2	0	0	1	V	V	N	P	R	V	R	4	15	0	1
some_file.xml	token517	2	0	0	1	V	R	V	V	N	A	R	2	22	0	1
some_file.xml	token518	0	1	1	1	R	D	D	V	R	N	A	19	11	1	0
some_file.xml	token519	0	1	0	1	V	A	R	R	N	N	A	9	24	0	0
some_file.xml	token520	0	0	0	1	A	V	V	V	N	R	P	6	12	0	0
some_file.xml	token521	2	1	0	0	P	V	P	D	V	V	D	27	2	0	0
some_file.xml	token522	0	1	0	1	V	A	P	R	D	P	N	12	26	1	0
some_file.xml	token523	0	0	1	0	D	N	N	R	N	A	D	20	27	0	1
some_file.xml	token524	2	0	0	0	D	P	P	N	D	R	N	0	18	0	0
some_file.xml	token525	1	1	0	0	P	N	R	P	N	P	P	22	5	0	1
some_file.xml	token526	0	0	1	0	N	D	D	V	D	V	P	15	2	0	0
some_file.xml	token527	0	1	1	1	A	N	N	R	N	A	R	20	21	1	0
some_file.xml	token528	0	1	1	1	D	V	R	D	P	V	R	16	19	0	0
some_file.xml	token529	1	0	1	0	D	V	V	D	N	A	A	26	7	0	0
some_file.xml	token530	0	0	1	1	N	P	N	A	N	R	R	8	21	0	0
some_file.xml	token531	0	1	1	1	P	R	A	V	V	P	A	1	4	0	0
some_file.xml	token532	1	1	0	1	P	R	P	R	A	R	P	18	9	1	1
some_file.xml	token533	1	1	0	1	D	D	V	P	A	V	D	13	13	0	0
some_file.xml	token534	1	1	1	0	N	D	A	A	V	V	R	25	27	0	1
some_file.xml	token535	2	0	1	0	N	V	A	V	A	V	D	20	3	0	1
some_file.xml	token536	0	1	1	1	A	P	P	P	D	N	P	14	1	1	0
some_file.xml	token537	1	0	1	0	N	A	P	P	D	D	V	3	5	0	0
some_file.xml	token538	2	1	0	1	A	R	D	A	P	V	R	22	13	0	1
some_file.xml	token539	2	1	1	1	V	A	P	P	V	N	A	18	9	0	0
some_file.xml	token540	2	1	0	0	A	A	V	N	R	R	A	23	4	1	0
some_file.xml	token541	1	0	0	0	V	A	N	N	N	R	R	1	21	1	1
some_file.xml	token542	1	0	1	1	N	R	D	A	R	D	D	1	8	0	1
some_file.xml	token543	2	1	1	0	N	A	A	D	N	P	N	19	4	1	0
some_file.xml	token544	0	1	1	0	N	D	P	P	D	D	P	16	25	0	0
some_file.xml	token545	2	1	0	0	P	A	V	V	V	D	R	13	18	1	1
some_file.xml	token546	0	0	1	0	A	D	D	N	N	V	V	4	0	0	1
some_file.xml	token547	0	0	0	0	P	A	R	N	D	V	N	13	27	1	0
some_file.xml	token548	2	0	0	1	N	N	D	V	D	D	P	8	3	1	0
some_file.xml	token549	1	0	1	0	V	N	P	A	P	V	P	5	16	1	1
some_file.xml	token550	1	0	1	0	V	N	A	R	A	R	N	17	8	1	0
some_file.xml	token551	1	0	1	1	V	V	D	V	A	A	V	25	13	0	0
some_file.xml	token552	2	0	0	1	N	V	A	N	N	N	V	5	0	1	1
some_file.xml	token553	2	1	1	0	N	N	N	P	D	R	A	10	7	1	0
some_file.xml	token554	0	1	1	1	V	N	R	N	D	R	D	2	9	0	1
some_file.xml	token555	0	1	0	1	V	P	N	N	D	P	R	21	2	1	0
some_file.xml	token556	1	0	0	1	R	D	P	A	R	A	P	21	6	0	1
some_file.xml	token557	0	0	1	0	N	D	P	R	R	V	N	20	15	0	1
some_file.xml	token558	1	0	1	0	N	N	A	N	D	A	P	17	10	0	1
some_file.xml	token559	2	1	1	0	R	P	N	R	P	P	D	16	18	0	0
some_file.xml	token560	2	1	1	0	A	P	R	N	R	V	P	19	24	0	0
some_file.xml	token561	0	1	1	0	V	P	N	N	D	V	D	6	3	1	0
some_file.xml	token562	1	1	1	0	P	A	R	D	R	D	D	17	26	0	0
some_file.xml	token563	2	0	1	1	P	D	D	V	A	V	R	1	13	1	0
some_file.xml	token564	0	1	1	0	P	D	V	N	V	D	D	5	4	0	1
some_file.xml	token565	2	1	1	0	R	D	N	P	A	A	D	0	22	1	0
some_file.xml	token566	1	0	0	0	P	N	D	R	V	P	N	13	17	0	1
some_file.xml	token567	2	0	0	0	R	V	P	D	A	P	P	24	12	1	1
some_file.xml	token568	1	0	0	1	A	R	R	V	P	V	V	27	23	1	1
some_file.xml	token569	0	0	0	1	R	P	A	D	P	R	D	25	10	0	0
some_file.xml	token570	1	1	1	1	A	V	D	P	R	N	D	11	7	1	1
some_file.xml	token571	0	1	1	0	P	V	N	A	R	P	A	14	26	0	0
some_file.xml	token572	2	0	1	1	P	A	R	P	A	V	N	9	12	1	0
some_file.xml	token573	2	1	1	0	V	N	A	A	A	V	V	12	4	0	1
some_file.xml	token574	1	0	0	1	N	R	N	A	V	R	R	16	19	0	0
some_file.xml	token575	1	1	0	0	P	A	P	D	D	A	D	17	7	0	0
some_file.xml	token576	1	0	1	1	D	D	D	D	V	D	A	23	21	1	1
some_file.xml	token577	0	0	0	1	R	V	R	N	D	P	V	26	25	0	1
some_file.xml	token578	1	0	0	0	R	V	A	V	A	R	P	6	2	0	1
some_file.xml	token579	0	1	0	1	R	V	N	V	N	V	V	27	1	1	0
some_file.xml	token580	1	0	1	1	P	P	R	A	P	P	R	16	24	0	0
some_file.xml	token581	0	0	1	0	V	V	N	A	P	D	V	14	16	0	1
some_file.xml	token582	2	0	1	1	N	R	A	R	D	A	R	14	3	0	0
some_file.xml	token583	1	1	1	0	P	A	R	P	R	V	A	12	12	0	1
some_file.xml	token584	1	1	0	0	A	A	A	D	D	V	V	16	22	0	1
some_file.xml	token585	1	1	1	1	V	N	D	D	D	P	P	10	10	1	1
some_file.xml	token586	1	1	1	1	R	A	P	V	V	N	P	15	17	1	1
some_file.xml	token587	2	0	1	0	D	P	R	P	D	R	A	4	3	1	0
some_file.xml	token588	1	0	0	1	D	R	V	A	V	D	V	5	24	1	1
some_file.xml	token589	0	0	0	1	V	N	P	R	V	N	A	15	4	0	1
some_file.xml	token590	2	0	0	1	V	A	A	P	N	P	V	15	0	1	0
some_file.xml	token591	2	1	1	0	R	V	A	A	V	A	P	12	27	1	1
some_file.xml	token592	0	0	1	0	V	V	N	D	V	P	V	21	18	0	1
some_file.xml	token593	2	1	0	0	A	D	D	P	P	P	N	4	9	1	0
some_file.xml	token594	0	0	0	0	N	P	V	P	A	V	A	27	3	1	1
some_file.xml	token595	0	0	0	1	V	V	V	V	A	N	A	13	16	1	1
some_file.xml	token596	2	1	1	1	R	P	R	R	P	A	N	2	16	0	1
some_file.xml	token597	1	0	0	1	D	D	R	P	D	A	R	14	1	0	1
some_file.xml	token598	2	1	0	0	A	R	N	R	D	P	V	7	12	0	1
some_file.xml	token599	0	1	1	1	D	N	P	V	N	D	N	3	14	1	1
some_file.xml	token600	1	0	1	1	P	N	A	N	R	N	V	6	12	1	0
some_file.xml	token601	0	1	1	0	R	R	A	A	P	V	D	4	8	1	1
some_file.xml	token602	2	1	0	1	N	A	N	N	V	A	D	9	12	0	0
some_file.xml	token603	2	0	1	1	A	P	N	D	N	A	P	20	22	1	0
some_file.xml	token604	0	1	0	1	P	V	V	A	N	A	P	1	0	0	0
some_file.xml	token605	2	0	0	1	N	V	P	R	R	D	P	0	15	0	1
some_file.xml	token606	1	1	0	0	N	A	N	D	N	D	R	26	20	0	1
some_file.xml	token607	0	0	0	1	N	P	D	R	D	D	A	18	9	0	1
some_file.xml	token608	2	1	0	0	P	P	N	N	D	R	A	17	5	1	1
some_file.xml	token609	1	0	1	1	D	P	V	P	A	A	R	17	26	0	1
some_file.xml	token610	1	1	0	1	A	V	D	D	A	R	A	26	6	1	1
some_file.xml	token611	2	1	1	0	N	V	R	P	A	D	A	27	20	0	1
some_file.xml	token612	2	0	0	1	R	V	A	P	D	D	V	15	0	1	0
some_file.xml	token613	2	0	0	0	N	V	N	D	D	P	V	10	25	0	0
some_file.xml	token614	0	0	0	0	R	V	V	A	P	N	D	21	1	0	1
some_file.xml	token615	2	0	1	0	V	R	R	P	D	P	N	6	8	1	0
some_file.xml	token616	0	1	1	0	D	R	V	V	A	N	A	19	17	0	1
some_file.xml	token617	2	0	0	0	R	P	R	V	D	R	N	13	15	0	1
some_file.xml	token618	0	0	1	1	D	P	R	D	R	V	R	26	27	0	0
some_file.xml	token619	2	1	0	1	R	R	D	R	R	V	P	24	12	0	1
some_file.xml	token620	0	0	1	1	D	D	V	R	D	N	A	19	27	0	0
some_file.xml	token621	2	0	0	1	D	D	A	R	D	A	D	16	14	1	0
some_file.xml	token622	1	0	0	0	A	N	A	D	P	D	D	19	4	1	0
some_file.xml	token623	0	0	1	0	P	N	D	N	P	D	P	27	26	1	1
some_file.xml	token624	0	0	0	0	P	D	V	A	A	A	D	9	16	1	0
some_file.xml	token625	1	0	1	0	R	N	D	A	D	D	P	10	9	1	1
some_file.xml	token626	0	1	1	0	A	V	A	D	P	P	V	23	20	1	1
some_file.xml	token627	1	0	0	0	D	R	N	R	R	N	D	24	18	1	0
some_file.xml	token628	1	0	0	1	D	P	A	V	N	V	N	26	9	1	1
some_file.xml	token629	1	1	1	1	V	N	P	R	P	D	R	16	12	0	0
some_file.xml	token630	2	1	0	1	A	V	V	A	D	D	A	2	7	0	0
some_file.xml	token631	0	1	1	1	V	A	V	N	R	V	P	11	8	0	1
some_file.xml	token632	1	1	1	1	P	P	A	A	N	D	V	8	19	0	1
some_file.xml	token633	0	1	1	1	P	N	D	D	A	P	A	17	20	0	0
some_file.xml	token634	0	0	1	1	A	V	R	D	D	D	D	2	0	1	1
some_file.xml	token635	1	1	0	1	A	V	N	V	R	P	N	19	16	0	1
some_file.xml	token636	1	1	1	0	V	A	R	V	A	V	D	23	14	1	1
some_file.xml	token637	1	1	0	0	V	N	R	N	P	R	P	8	17	1	1
some_file.xml	token638	2	1	1	1	P	A	N	P	V	A	V	20	27	1	0
some_file.xml	token639	0	1	0	1	P	N	A	N	V	V	A	7	22	1	1
some_file.xml	token640	1	0	1	0	A	N	V	A	A	V	A	17	22	0	0
some_file.xml	token641	2	0	0	1	V	N	V	A	R	V	A	11	7	0	0
some_file.xml	token642	1	1	1	1	N	A	D	N	R	R	N	22	3	1	1
some_file.xml	token643	0	0	1	1	N	A	D	P	R	N	A	17	14	1	0
some_file.xml	token644	1	1	1	0	A	A	A	V	P	D	V	6	2	1	0
some_file.xml	token645	0	0	1	1	V	A	D	A	V	N	N	24	1	1	0
some_file.xml	token646	2	0	1	0	D	R	R	D	V	P	A	3	22	0	1
some_file.xml	token647	0	1	1	1	N	P	P	N	N	R	A	6	10	0	1
some_file.xml	token648	2	1	1	0	D	V	N	V	D	R	R	16	25	1	1
some_file.xml	token649	0	1	0	0	N	P	R	A	A	D	N	2	7	0	1
some_file.xml	token650	0	1	1	1	V	N	P	A	R	D	V	6	12	1	0
some_file.xml	token651	1	1	1	0	V	N	P	A	R	D	N	18	2	1	1
some_file.xml	token652	0	1	0	1	D	V	N	A	N	N	V	11	4	1	0
some_file.xml	token653	0	0	0	0	V	N	A	D	N	P	P	17	2	0	1
some_file.xml	token654	0	0	1	0	N	A	D	D	V	D	D	26	21	0	0
some_file.xml	token655	2	0	0	1	D	A	R	R	A	D	V	10	20	1	0
some_file.xml	token656	1	1	1	0	P	N	D	D	N	R	N	27	0	0	1
some_file.xml	token657	1	1	1	0	P	N	V	V	N	R	R	1	11	1	1
some_file.xml	token658	2	1	0	1	P	D	D	R	A	D	D	16	7	1	1
some_file.xml	token659	2	0	0	1	A	P	D	N	D	V	D	26	11	0	1
some_file.xml	token660	2	1	0	1	A	P	D	P	P	V	N	26	3	0	0
some_file.xml	token661	1	0	0	1	P	D	N	D	A	N	A	23	18	0	0
some_file.xml	token662	1	1	1	1	P	D	V	R	D	N	R	8	18	1	0
some_file.xml	token663	0	1	0	0	P	N	N	D	N	V	D	11	10	0	0
some_file.xml	token664	0	1	1	1	N	V	V	A	N	D	R	15	21	0	0
some_file.xml	token665	1	1	0	1	A	V	R	N	A	P	V	22	18	1	0
some_file.xml	token666	0	1	1	0	P	P	P	P	R	D	R	0	10	0	1
some_file.xml	token667	2	1	0	1	R	V	P	R	N	D	A	26	15	1	1
some_file.xml	token668	2	1	0	0	P	N	V	D	A	D	D	1	4	0	1
some_file.xml	token669	0	1	1	1	D	P	A	D	N	A	D	25	10	0	0
some_file.xml	token670	1	1	0	1	A	P	D	V	N	R	V	3	3	1	0
some_file.xml	token671	1	0	0	1	D	D	N	P	N	A	P	3	22	1	1
some_file.xml	token672	1	1	1	1	D	D	V	D	A	A	R	7	21	1	0
some_file.xml	token673	0	1	0	1	V	A	D	R	R	D	P	4	18	0	0
some_file.xml	token674	1	1	1	0	R	P	R	D	D	N	D	8	14	0	0
some_file.xml	token675	1	0	0	1	A	R	N	R	R	D	P	27	23	1	0
some_file.xml	token676	0	1	1	1	P	D	P	V	V	P	V	6	11	0	1
some_file.xml	token677	0	1	0	0	V	V	N	R	V	D	R	10	1	0	0
some_file.xml	token678	2	0	0	1	R	A	R	P	R	V	V	27	8	0	1
some_file.xml	token679	2	0	0	0	A	P	P	N	N	A	A	21	10	1	0
some_file.xml	token680	0	1	1	0	N	A	P	N	R	N	V	18	16	0	0
some_file.xml	token681	2	0	0	0	D	P	N	P	D	R	D	1	24	1	1
some_file.xml	token682	0	0	0	0	V	V	V	V	V	V	R	11	9	0	0
some_file.xml	token683	1	0	1	0	R	V	A	P	P	D	V	0	5	0	1
some_file.xml	token684	0	1	0	1	R	V	V	R	V	V	P	8	23	1	0
some_file.xml	token685	0	1	1	1	D	V	P	V	D	V	P	13	22	0	0
some_file.xml	token686	1	0	1	1	N	A	P	D	V	P	A	2	21	1	1
some_file.xml	token687	0	1	1	0	V	P	R	D	P	V	D	25	25	1	0
some_file.xml	token688	1	1	1	1	V	N	R	R	R	P	P	24	4	1	1
some_file.xml	token689	0	0	1	1	P	V	D	R	V	N	V	5	25	1	1
some_file.xml	token690	2	1	0	1	R	R	D	P	D	R	A	14	20	1	0
some_file.xml	token691	0	1	0	0	R	A	N	V	R	R	A	14	10	0	0
some_file.xml	token692	1	1	0	0	V	V	N	V	N	D	A	19	8	0	1
some_file.xml	token693	1	1	1	0	A	V	P	P	N	A	A	19	0	1	0
some_file.xml	token694	2	0	1	1	D	D	N	V	P	N	D	22	0	1	0
some_file.xml	token695	2	1	1	1	V	N	A	N	V	N	D	14	8	1	1
some_file.xml	token696	2	0	0	1	P	P	R	D	D	V	N	21	27	0	0
some_file.xml	token697	1	1	0	0	D	R	R	N	R	D	V	8	23	1	0
some_file.xml	token698	1	0	1	0	D	P	D	D	D	V	V	0	20	1	0
some_file.xml	token699	2	1	0	0	D	P	A	R	D	V	D	19	23	1	0
some_file.xml	token700	1	0	0	1	R	D	A	R	N	A	A	10	4	0	1
some_file.xml	token701	0	1	0	1	R	N	A	N	N	V	V	26	21	0	1
some_file.xml	token702	0	0	1	0	P	N	V	D	D	V	N	24	14	1	0
some_file.xml	token703	1	1	1	1	P	N	D	A	P	N	R	27	8	1	1
some_file.xml	token704	1	1	0	0	D	N	V	R	N	A	A	1	5	0	1
some_file.xml	token705	2	0	0	1	A	R	R	R	N	P	V	18	24	1	1
some_file.xml	token706	0	0	0	0	V	N	D	R	P	R	P	2	21	0	0
some_file.xml	token707	0	1	0	1	D	N	A	N	P	N	V	14	11	1	0
some_file.xml	token708	0	1	1	1	N	P	V	A	P	N	N	19	9	1	0
some_file.xml	token709	1	0	1	0	P	P	R	A	R	N	A	15	25	1	1
some_file.xml	token710	2	1	0	1	V	A	V	D	P	N	N	26	7	0	0
some_file.xml	token711	0	0	1	1	D	V	N	V	A	R	V	2	14	1	1
some_file.xml	token712	2	0	1	1	D	R	N	V	D	P	R	24	21	1	1
some_file.xml	token713	2	0	0	0	D	P	P	D	D	P	P	4	5	0	1
some_file.xml	token714	2	0	0	0	P	D	A	A	P	D	N	5	7	0	1
some_file.xml	token715	2	1	0	1	D	A	V	N	R	N	N	6	4	1	0
some_file.xml	token716	2	1	1	0	V	P	N	V	P	D	P	20	1	0	0
some_file.xml	token717	0	0	1	0	D	V	D	A	R	R	P	25	27	1	1
some_file.xml	token718	2	0	1	0	V	A	V	N	D	R	A	6	2	0	1
some_file.xml	token719	0	1	1	1	D	D	A	V	N	A	R	20	25	1	0
some_file.xml	token720	2	0	0	1	V	D	N	N	R	N	A	6	25	0	0
some_file.xml	token721	1	0	1	0	N	V	D	N	R	A	R	9	27	1	0
some_file.xml	token722	1	0	1	0	V	R	V	N	V	A	A	24	8	1	1
some_file.xml	token723	0	0	1	0	N	N	N	A	V	R	V	18	12	0	0
some_file.xml	token724	1	1	0	1	A	R	N	V	N	D	V	19	7	1	0
some_file.xml	token725	0	0	1	0	R	A	V	P	A	N	V	17	23	0	1
some_file.xml	token726	2	1	0	1	A	D	N	D	V	R	V	19	5	1	0
some_file.xml	token727	0	1	0	1	P	P	A	V	V	V	R	1	21	0	1
some_file.xml	token728	1	0	0	1	A	A	R	D	R	V	D	12	2	0	1
some_file.xml	token729	0	1	0	0	A	D	P	P	A	A	D	2	22	0	1
some_file.xml	token730	2	0	0	0	N	N	R	D	R	D	D	7	8	0	1
some_file.xml	token731	2	0	1	1	V	A	D	N	V	V	P	21	3	1	0
some_file.xml	token732	2	0	1	0	A	V	V	D	V	A	N	7	12	1	0
some_file.xml	token733	1	0	1	1	R	N	P	N	D	P	A	23	1	1	1
some_file.xml	token734	2	0	0	0	D	D	R	R	N	R	N	0	21	0	1
some_file.xml	token735	0	0	0	1	D	A	N	N	P	P	N	15	17	0	1
some_file.xml	token736	2	0	1	1	A	P	P	N	D	V	R	11	16	0	1
some_file.xml	token737	2	1	1	1	R	R	R	N	D	A	A	4	0	1	1
some_file.xml	token738	2	0	0	0	N	A	N	P	P	P	N	2	7	0	1
some_file.xml	token739	0	1	0	1	V	R	D	V	N	A	N	14	23	0	0
some_file.xml	token740	2	0	1	1	R	A	R	A	A	P	N	13	10	1	1
some_file.xml	token741	2	0	1	1	R	N	P	V	A	N	R	24	24	1	0
some_file.xml	token742	1	0	1	0	N	A	N	V	D	D	P	26	14	1	1
some_file.xml	token743	0	0	0	0	D	N	R	V	R	P	D	1	26	1	1
some_file.xml	token744	1	1	0	0	P	A	N	D	D	A	R	12	11	1	1
some_file.xml	token745	2	1	0	1	V	R	P	D	V	V	V	19	7	0	1
some_file.xml	token746	0	1	0	1	D	R	V	A	D	N	R	3	13	1	1
some_file.xml	token747	2	1	0	1	R	R	N	N	A	D	D	23	19	0	0
some_file.xml	token748	1	1	1	0	N	A	D	N	P	R	R	12	1	1	1
some_file.xml	token749	0	0	0	1	N	P	R	R	N	D	A	16	4	0	0
some_file.xml	token750	0	1	1	0	A	N	V	V	R	V	D	17	12	0	0
some_file.xml	token751	0	1	0	0	N	R	R	R	P	R	R	7	21	1	0
some_file.xml	token752	2	1	1	1	R	N	V	A	D	P	A	10	26	1	0
some_file.xml	token753	0	0	1	0	P	N	P	V	A	P	P	7	12	1	1
some_file.xml	token754	2	0	1	0	R	R	V	D	A	N	D	21	23	1	1
some_file.xml	token755	2	0	0	0	N	V	D	R	D	A	R	15	21	1	1
some_file.xml	token756	2	1	1	1	N	D	R	D	D	A	D	6	26	0	1
some_file.xml	token757	1	1	0	1	N	A	R	A	V	R	D	26	17	0	0
some_file.xml	token758	2	1	1	0	D	N	A	R	A	R	R	10	21	0	0
some_file.xml	token759	0	1	1	1	A	N	D	A	P	D	D	22	23	0	0
some_file.xml	token760	0	0	0	0	A	A	A	N	V	R	D	26	17	1	1
some_file.xml	token761	1	1	1	0	A	R	N	P	P	R	N	3	11	0	1
some_file.xml	token762	0	1	1	1	A	V	P	V	V	V	D	6	17	0	1
some_file.xml	token763	0	1	1	0	P	P	N	N	N	R	N	21	22	0	1
some_file.xml	token764	2	0	1	1	N	A	V	P	R	N	D	1	18	1	0
some_file.xml	token765	0	1	1	1	P	V	R	P	V	N	R	16	2	0	1
some_file.xml	token766	1	1	0	1	R	V	V	D	R	D	D	21	18	1	0
some_file.xml	token767	2	1	0	1	R	P	R	P	R	A	D	27	11	1	1
some_file.xml	token768	2	0	1	0	R	V	D	P	D	P	R	1	12	0	1
some_file.xml	token769	1	1	1	1	P	A	R	D	N	A	V	15	25	0	0
some_file.xml	token770	1	0	1	0	P	R	P	V	V	V	D	25	14	1	1
some_file.xml	token771	0	1	0	0	V	N	D	N	R	D	D	11	6	1	1
some_file.xml	token772	2	1	1	1	V	D	P	A	D	D	A	14	0	0	0
some_file.xml	token773	0	1	0	0	R	N	N	D	R	D	P	20	25	1	0
some_file.xml	token774	0	0	1	1	R	P	D	R	A	D	N	14	3	0	1
some_file.xml	token775	1	0	0	0	A	V	A	V	R	D	N	26	12	0	1
some_file.xml	token776	0	0	1	0	A	P	P	N	P	P	N	12	12	0	1
some_file.xml	token777	1	1	1	1	D	R	N	N	P	N	V	10	18	1	0
some_file.xml	token778	0	1	1	0	P	D	P	D	D	A	R	25	12	1	0
some_file.xml	token779	2	1	1	0	A	V	R	P	N	P	R	25	1	0	1
some_file.xml	token780	1	0	0	1	D	D	N	V	R	D	R	7	19	0	1
some_file.xml	token781	2	1	0	0	D	V	D	R	D	P	P	16	18	0	0
some_file.xml	token782	2	0	0	1	P	V	A	P	V	N	D	19	2	1	0
some_file.xml	token783	1	1	1	0	A	P	N	N	A	P	N	16	2	1	0
some_file.xml	token784	1	1	1	1	V	D	V	A	V	N	A	6	13	1	1
some_file.xml	token785	2	1	1	1	D	V	V	P	R	A	V	14	19	0	0
some_file.xml	token786	1	1	1	0	V	V	R	P	D	A	N	25	5	1	0
some_file.xml	token787	1	1	0	0	P	P	A	N	D	R	N	6	17	1	0
some_file.xml	token788	2	1	0	0	P	D	D	R	V	N	V	20	13	0	0
some_file.xml	token789	0	0	1	0	N	N	N	D	N	N	V	26	0	1	1
some_file.xml	token790	1	1	1	1	V	V	N	V	R	R	P	20	9	0	0
some_file.xml	token791	1	0	0	0	R	N	P	R	R	V	A	1	15	0	0
some_file.xml	token792	1	1	0	1	D	D	N	P	D	N	A	1	10	0	0
some_file.xml	token793	0	0	1	1	A	R	N	N	P	D	R	9	10	1	0
some_file.xml	token794	1	0	1	0	N	P	R	D	V	D	A	4	4	0	1
some_file.xml	token795	0	1	0	0	P	N	R	V	N	N	V	23	5	1	1
some_file.xml	token796	0	1	0	1	R	P	D	A	P	P	A	21	20	1	0
some_file.xml	token797	0	1	0	1	P	R	P	A	R	N	R	10	8	0	1
some_file.xml	token798	0	0	1	0	P	P	D	V	P	R	A	7	2	1	0
some_file.xml	token799	0	1	1	1	D	V	A	R	P	V	D	13	26	0	1
some_file.xml	token800	0	0	0	1	N	R	N	R	R	D	N	1	26	1	0
some_file.xml	token801	2	1	0	1	R	R	V	A	V	N	V	12	8	0	0
some_file.xml	token802	2	0	1	1	N	D	R	D	D	V	V	16	14	1	1
some_file.xml	token803	2	1	1	1	D	R	V	D	R	A	V	21	20	0	1
some_file.xml	token804	2	0	0	0	V	A	V	D	A	N	R	7	26	0	0
some_file.xml	token805	2	1	0	0	P	N	R	V	V	P	D	2	0	0	1
some_file.xml	token806	0	1	1	0	P	D	D	D	V	D	D	13	22	1	1
some_file.xml	token807	1	0	1	0	N	N	N	N	V	A	A	19	5	0	1
some_file.xml	token808	2	0	0	0	D	P	N	P	D	R	V	16	1	1	1
some_file.xml	token809	0	0	1	1	R	N	D	N	V	N	V	6	26	0	0
some_file.xml	token810	1	1	1	1	P	A	R	A	D	A	D	12	19	0	1
some_file.xml	token811	0	0	1	1	A	A	D	R	P	D	N	4	16	1	1
some_file.xml	token812	2	1	0	0	D	P	N	N	A	V	A	5	10	0	0
some_file.xml	token813	0	1	0	0	N	D	N	V	R	R	D	22	17	0	1
some_file.xml	token814	2	0	0	0	R	V	V	P	D	V	D	27	17	0	0
some_file.xml	token815	2	0	1	1	A	D	D	V	P	N	N	9	27	1	0
some_file.xml	token816	0	0	1	0	V	A	R	A	V	R	D	9	0	1	1
some_file.xml	token817	2	1	1	1	N	A	N	P	N	D	V	3	9	1	0
some_file.xml	token818	1	0	1	1	V	V	A	D	A	V	A	24	6	1	1
some_file.xml	token819	1	1	1	1	P	A	R	N	A	R	N	25	7	0	0
some_file.xml	token820	2	1	1	1	V	P	V	P	P	D	V	6	7	0	0
some_file.xml	token821	0	0	1	1	D	R	R	R	N	R	V	21	0	0	0
some_file.xml	token822	2	0	1	0	V	R	A	P	D	R	D	8	26	1	1
some_file.xml	token823	2	1	1	0	P	N	A	V	D	D	N	20	22	1	0
some_file.xml	token824	2	0	0	0	A	R	R	D	R	R	N	9	2	0	1
some_file.xml	token825	2	0	1	0	V	P	P	P	A	P	A	7	7	0	1
some_file.xml	token826	2	0	1	0	D	A	R	A	R	V	V	21	27	0	0
some_file.xml	token827	1	1	0	1	N	D	R	P	P	D	V	14	13	0	0
some_file.xml	token828	0	1	1	1	N	D	N	R	P	N	N	5	21	1	1
some_file.xml	token829	0	1	1	0	D	V	V	A	R	N	V	14	3	1	1
some_file.xml	token830	1	0	1	1	P	N	P	A	V	A	N	0	20	1	1
some_file.xml	token831	2	0	1	0	N	A	P	P	A	V	V	27	9	1	1
some_file.xml	token832	0	1	0	0	P	D	V	D	N	R	R	26	27	1	0
some_file.xml	token833	2	1	1	1	V	N	D	P	N	V	P	24	8	0	1
some_file.xml	token834	1	0	1	1	D	A	P	N	V	A	D	23	7	1	0
some_file.xml	token835	1	1	1	0	R	V	R	A	N	D	R	12	20	0	1
some_file.xml	token836	1	1	0	1	V	R	R	R	A	P	N	4	26	0	1
some_file.xml	token837	2	1	0	1	V	P	A	A	R	N	P	15	25	1	1
some_file.xml	token838	0	1	0	1	V	D	R	A	A	V	R	8	17	1	0
some_file.xml	token839	0	0	1	0	P	A	D	N	R	D	D	14	25	0	1
some_file.xml	token840	1	1	0	1	D	D	N	A	P	P	A	3	25	0	1
some_file.xml	token841	1	1	0	0	R	V	D	A	A	A	N	12	17	0	1
some_file.xml	token842	1	0	1	1	D	V	R	N	V	D	D	26	5	0	0
some_file.xml	token843	0	0	0	0	P	N	R	V	D	N	N	17	5	1	1
some_file.xml	token844	1	0	1	0	R	R	P	A	V	R	D	4	12	1	0
some_file.xml	token845	1	0	0	0	D	P	R	A	R	D	R	21	12	1	0
some_file.xml	token846	0	1	1	1	P	D	D	A	N	R	A	19	6	0	0
some_file.xml	token847	1	0	0	1	D	N	N	V	A	P	V	1	10	1	0
some_file.xml	token848	1	1	0	1	V	R	N	A	P	D	P	13	24	1	1
some_file.xml	token849	1	0	0	0	A	D	N	D	P	D	D	27	6	0	1
some_file.xml	token850	1	1	0	0	D	D	P	R	P	V	D	12	21	0	1
some_file.xml	token851	2	0	1	1	A	V	N	V	P	V	A	6	12	0	1
some_file.xml	token852	2	0	0	1	A	V	P	R	N	P	P	12	27	0	0
some_file.xml	token853	2	0	1	1	D	V	N	D	V	R	N	3	8	1	1
some_file.xml	token854	0	1	0	0	P	N	V	A	V	D	D	8	11	1	1
some_file.xml	token855	1	0	1	0	P	N	D	N	P	V	D	9	12	1	1
some_file.xml	token856	2	1	1	1	N	A	N	D	R	R	A	17	22	0	0
some_file.xml	token857	0	0	1	0	R	A	A	P	N	N	V	8	26	0	1
some_file.xml	token858	1	1	1	1	R	A	R	R	V	A	P	0	27	0	0
some_file.xml	token859	2	0	1	1	P	D	P	N	P	D	R	6	4	0	1
some_file.xml	token860	0	0	0	0	D	A	V	R	D	R	N	20	14	1	0
some_file.xml	token861	2	1	1	0	D	R	V	R	V	N	R	22	11	0	0
some_file.xml	token862	0	0	1	0	P	N	R	D	P	V	D	21	3	1	0
some_file.xml	token863	0	0	0	1	D	D	A	N	V	R	D	13	3	0	0
some_file.xml	token864	0	0	1	1	V	V	R	A	N	P	N	3	3	1	0
some_file.xml	token865	1	0	0	0	P	V	A	D	P	R	R	17	22	1	1
some_file.xml	token866	2	0	1	0	D	P	V	P	D	R	V	3	21	1	1
some_file.xml	token867	1	1	1	1	A	R	P	D	A	P	D	20	20	1	1
some_file.xml	token868	2	0	0	0	R	A	D	R	V	A	N	2	11	0	0
some_file.xml	token869	0	0	1	1	N	A	A	P	R	V	N	9	23	1	1
some_file.xml	token870	0	0	0	1	A	R	N	V	R	D	V	15	14	0	0
some_file.xml	token871	0	0	1	1	P	N	P	V	R	V	N	20	27	1	0
some_file.xml	token872	2	1	1	1	V	R	A	N	A	P	V	16	22	1	0
some_file.xml	token873	0	1	1	0	V	V	R	V	P	D	D	17	20	1	0
some_file.xml	token874	1	0	1	1	R	D	N	V	R	D	V	1	13	1	0
some_file.xml	token875	0	1	0	1	D	N	N	R	R	N	D	5	8	0	1
some_file.xml	token876	1	0	0	1	R	A	D	P	P	D	V	26	22	0	0
some_file.xml	token877	0	0	1	0	R	A	N	N	R	P	N	25	25	0	1
some_file.xml	token878	2	0	1	1	V	R	V	N	N	P	D	1	17	1	1
some_file.xml	token879	0	0	1	1	D	V	A	D	A	P	D	0	17	1	0
some_file.xml	token880	2	1	0	0	D	N	R	D	A	N	V	22	1	0	0
some_file.xml	token881	0	0	1	0	V	D	A	N	V	P	D	17	25	1	1
some_file.xml	token882	2	1	1	0	V	N	D	R	R	D	D	0	27	0	1
some_file.xml	token883	0	1	1	1	A	D	V	P	A	V	D	5	27	1	0
some_file.xml	token884	2	0	0	0	P	N	N	V	P	R	A	17	14	0	0
some_file.xml	token885	0	0	0	0	D	V	A	D	D	N	D	18	24	0	1
some_file.xml	token886	0	0	1	1	N	R	N	R	N	P	A	6	1	0	0
some_file.xml	token887	0	1	0	0	V	D	R	V	D	P	A	7	25	0	0
some_file.xml	token888	2	0	1	1	D	A	A	N	R	R	A	3	12	0	1
some_file.xml	token889	0	0	1	1	P	R	V	D	A	A	R	9	3	1	0
some_file.xml	token890	1	1	0	0	R	A	R	P	D	V	R	20	22	0	1
some_file.xml	token891	2	1	0	0	N	R	N	V	V	P	A	24	24	1	1
some_file.xml	token892	1	1	1	0	R	A	A	D	V	P	R	11	13	1	0
some_file.xml	token893	1	0	1	0	D	P	R	R	V	A	A	20	15	0	0
some_file.xml	token894	1	1	0	0	P	R	D	D	N	A	D	25	16	0	1
some_file.xml	token895	0	1	0	1	D	A	R	D	D	A	R	2	5	1	1
some_file.xml	token896	2	1	0	0	P	A	A	D	V	N	V	7	2	1	1
some_file.xml	token897	2	0	1	1	N	N	R	V	V	V	D	20	24	0	0
some_file.xml	token898	2	0	1	0	P	N	D	N	P	A	N	25	1	0	0
some_file.xml	token899	1	0	1	0	P	N	A	A	P	P	R	19	7	1	1
some_file.xml	token900	2	0	1	1	V	P	N	N	N	V	V	22	3	0	1
some_file.xml	token901	1	1	0	1	N	P	D	D	P	R	R	25	7	1	1
some_file.xml	token902	2	0	1	1	R	V	V	A	N	R	R	6	27	1	1
some_file.xml	token903	2	1	1	0	P	P	R	D	A	D	V	13	11	0	1
some_file.xml	token904	0	0	0	1	A	V	R	P	P	N	D	0	21	0	1
some_file.xml	token905	2	1	1	1	R	P	N	P	P	V	V	15	5	1	1
some_file.xml	token906	0	0	1	0	A	D	D	D	R	D	P	5	25	0	0
some_file.xml	token907	2	1	0	0	P	V	R	P	V	P	A	18	4	1	0
some_file.xml	token908	1	0	1	1	R	V	P	V	R	N	D	11	7	0	0
some_file.xml	token909	0	0	1	0	P	P	P	R	R	V	N	20	1	1	0
some_file.xml	token910	1	1	1	1	V	D	V	D	N	R	R	7	14	1	1
some_file.xml	token911	0	1	1	1	P	N	P	V	N	N	N	23	12	0	0
some_file.xml	token912	2	1	1	0	P	A	A	N	A	V	A	5	0	1	0
some_file.xml	token913	2	0	1	0	D	R	P	D	V	P	P	15	9	1	1
some_file.xml	token914	0	1	0	0	P	N	R	R	R	A	P	24	5	1	0
some_file.xml	token915	0	0	0	0	V	R	V	R	V	A	V	13	0	0	1
some_file.xml	token916	0	0	1	1	D	N	N	N	V	A	V	26	15	1	1
some_file.xml	token917	2	1	0	0	N	P	A	D	A	P	V	4	27	0	1
some_file.xml	token918	0	0	1	0	A	R	N	D	D	P	A	15	1	0	0
some_file.xml	token919	0	0	0	1	P	R	P	A	A	A	A	2	5	0	1
some_file.xml	token920	0	0	0	1	D	P	A	R	V	V	R	12	13	0	1
some_file.xml	token921	1	1	0	1	P	R	N	D	V	N	N	22	14	1	1
some_file.xml	token922	1	0	0	1	P	N	D	N	D	A	V	14	16	1	1
some_file.xml	token923	0	1	1	1	N	D	A	A	P	V	V	26	10	1	0
some_file.xml	token924	1	0	0	0	V	V	P	V	N	V	P	11	1	1	1
some_file.xml	token925	2	1	1	0	N	R	V	P	D	P	R	27	4	1	1
some_file.xml	token926	1	0	0	1	D	D	V	R	N	N	A	18	21	0	1
some_file.xml	token927	1	0	1	1	N	D	R	A	P	D	V	26	10	1	0
some_file.xml	token928	0	1	0	0	R	R	V	P	R	D	P	22	9	0	0
some_file.xml	token929	1	0	1	1	A	A	P	N	D	N	R	19	3	0	1
some_file.xml	token930	2	1	0	0	D	V	R	N	A	R	A	24	24	0	0
some_file.xml	token931	0	1	1	0	R	P	D	P	V	P	R	27	19	0	0
some_file.xml	token932	2	1	1	1	R	V	N	R	D	D	V	25	8	0	0
some_file.xml	token933	2	1	0	0	D	A	A	V	A	N	V	3	23	0	1
some_file.xml	token934	0	0	1	1	D	V	V	R	A	R	N	22	3	1	1
some_file.xml	token935	0	0	1	1	P	R	P	D	P	A	N	10	23	0	0
some_file.xml	token936	1	1	0	1	A	N	D	P	D	D	D	7	18	1	1
some_file.xml	token937	1	0	1	1	V	A	N	R	A	N	R	17	9	0	1
some_file.xml	token938	0	0	1	0	R	N	V	D	N	D	V	9	1	1	1
some_file.xml	token939	1	0	0	0	P	V	V	P	A	V	N	23	1	0	0
some_file.xml	token940	0	0	1	0	N	V	A	R	P	D	V	1	24	0	0
some_file.xml	token941	1	1	0	1	V	D	P	V	V	A	D	25	0	0	1
some_file.xml	token942	2	1	0	0	V	N	A	V	N	N	A	20	16	1	1
some_file.xml	token943	2	0	1	1	D	D	A	R	V	V	D	27	5	1	0
some_file.xml	token944	1	1	1	0	R	D	D	V	P	A	R	12	0	0	1
some_file.xml	token945	0	0	0	1	V	R	R	N	P	R	V	3	9	0	0
some_file.xml	token946	2	0	0	0	D	R	N	V	V	R	P	15	4	1	0
some_file.xml	token947	0	0	0	0	V	N	P	D	V	P	R	22	13	0	0
some_file.xml	token948	2	1	0	1	V	A	D	R	A	D	R	19	27	0	0
some_file.xml	token949	0	1	1	0	N	N	D	A	P	R	P	21	24	0	0
some_file.xml	token950	0	0	0	1	R	P	V	P	P	V	P	7	2	1	1
some_file.xml	token951	2	0	1	0	V	V	P	P	A	P	P	8	18	1	0
some_file.xml	token952	1	1	1	1	V	P	D	N	R	A	R	17	4	0	1
some_file.xml	token953	2	1	0	1	V	N	N	P	V	A	P	7	23	0	1
some_file.xml	token954	2	1	1	1	N	V	A	P	R	P	V	11	26	0	0
some_file.xml	token955	2	1	1	0	D	A	N	N	N	N	D	12	6	0	1
some_file.xml	token956	0	0	0	1	A	V	V	D	R	D	V	5	12	1	0
some_file.xml	token957	1	1	1	0	R	R	R	D	R	D	P	6	27	1	1
some_file.xml	token958	1	0	0	0	R	R	V	P	R	D	V	24	18	0	1
some_file.xml	token959	1	0	0	0	R	V	N	V	P	V	D	19	18	0	0
some_file.xml	token960	0	0	0	1	R	D	V	R	D	D	R	6	5	0	1
some_file.xml	token961	0	0	1	0	D	N	D	P	P	N	P	7	5	1	0
some_file.xml	token962	2	0	0	0	V	A	A	V	V	R	A	24	10	0	1
some_file.xml	token963	0	1	1	0	V	N	N	P	V	N	P	10	5	1	0
some_file.xml	token964	2	1	1	0	D	A	P	V	V	A	V	13	21	0	0
some_file.xml	token965	0	1	1	0	P	D	N	D	N	R	N	10	18	1	1
some_file.xml	token966	0	0	1	0	V	N	V	D	R	R	P	10	15	0	0
some_file.xml	token967	0	1	1	0	A	A	N	A	R	D	N	19	5	1	0
some_file.xml	token968	0	1	1	0	A	D	D	D	A	A	P	4	17	0	0
some_file.xml	token969	1	1	1	1	D	A	D	N	D	V	P	27	6	0	0
some_file.xml	token970	1	0	0	0	R	D	V	P	A	V	N	18	8	0	1
some_file.xml	token971	1	1	1	0	R	D	D	V	V	R	A	5	21	0	0
some_file.xml	token972	1	0	1	1	V	A	D	A	R	P	D	5	6	0	1
some_file.xml	token973	1	1	0	1	N	N	D	D	D	D	N	1	18	1	1
some_file.xml	token974	2	1	0	0	N	D	A	A	D	A	V	22	27	1	1
some_file.xml	token975	1	1	1	0	V	D	V	N	R	P	R	17	4	1	0
some_file.xml	token976	1	0	0	0	A	R	P	D	A	R	R	18	8	0	1
some_file.xml	token977	1	0	0	0	V	D	V	P	R	N	P	22	16	0	1
some_file.xml	token978	0	1	1	1	R	V	A	A	P	A	R	3	20	1	1
some_file.xml	token979	2	1	1	1	N	R	V	V	V	R	N	1	8	1	1
some_file.xml	token980	2	0	1	0	D	N	P	R	D	P	V	9	4	0	1
some_file.xml	token981	2	1	1	1	V	A	V	R	R	R	R	13	14	1	0
some_file.xml	token982	2	0	1	1	A	N	V	V	P	R	R	15	10	0	0
some_file.xml	token983	1	0	1	0	R	A	D	P	N	A	A	19	1	0	0
some_file.xml	token984	2	0	1	0	P	R	N	V	A	A	R	22	8	1	1
some_file.xml	token985	1	0	1	0	N	R	R	V	A	D	P	24	23	0	0
some_file.xml	token986	1	0	1	1	P	R	R	N	A	N	N	21	19	0	1
some_file.xml	token987	0	1	0	1	D	V	N	P	N	D	A	27	5	1	0
some_file.xml	token988	2	0	0	1	V	V	A	V	N	N	A	24	17	1	0
some_file.xml	token989	0	1	0	1	N	N	D	A	P	D	R	21	2	1	0
some_file.xml	token990	1	0	1	0	A	N	P	P	V	V	P	14	6	0	1
some_file.xml	token991	2	0	1	1	P	A	R	A	N	P	P	12	27	0	1
some_file.xml	token992	1	0	0	1	P	V	N	V	P	P	V	25	16	0	1
some_file.xml	token993	1	0	0	1	V	A	N	V	D	P	D	12	10	1	1
some_file.xml	token994	1	0	0	1	D	V	A	A	R	V	V	12	0	0	1
some_file.xml	token995	0	0	1	0	R	V	R	N	A	N	D	10	14	0	0
some_file.xml	token996	0	1	1	1	A	P	D	N	A	V	N	17	5	0	0
some_file.xml	token997	0	0	0	1	P	A	D	V	P	A	N	16	27	0	0
some_file.xml	token998	1	0	0	1	P	P	P	V	R	A	P	27	1	0	1
some_file.xml	token999	1	0	1	0	A	N	R	V	R	R	A	18	25	1	0
